{
  "audit_timestamp": "2025-11-13T18:25:49.819795",
  "bias_settings": {
    "monitor_amount": true,
    "monitor_region": true,
    "enforce_balanced_accuracy": true
  },
  "audits_performed": [
    "per_category",
    "confusion_patterns",
    "text_length",
    "confidence_calibration"
  ],
  "results": {
    "per_category": {
      "per_category_metrics": {
        "Food & Dining": {
          "precision": 0.9884393063583815,
          "recall": 0.9144385026737968,
          "f1_score": 0.95,
          "support": 187
        },
        "Groceries": {
          "precision": 0.9675675675675676,
          "recall": 0.9521276595744681,
          "f1_score": 0.9597855227882037,
          "support": 188
        },
        "Fuel": {
          "precision": 0.9019607843137255,
          "recall": 0.9787234042553191,
          "f1_score": 0.9387755102040817,
          "support": 188
        },
        "Shopping": {
          "precision": 0.9675675675675676,
          "recall": 0.9572192513368984,
          "f1_score": 0.9623655913978495,
          "support": 187
        },
        "Utilities": {
          "precision": 0.9682539682539683,
          "recall": 0.9786096256684492,
          "f1_score": 0.973404255319149,
          "support": 187
        },
        "Entertainment": {
          "precision": 0.9891891891891892,
          "recall": 0.9786096256684492,
          "f1_score": 0.9838709677419355,
          "support": 187
        },
        "Transportation": {
          "precision": 0.9296482412060302,
          "recall": 0.9840425531914894,
          "f1_score": 0.9560723514211886,
          "support": 188
        },
        "Health": {
          "precision": 0.9888888888888889,
          "recall": 0.9468085106382979,
          "f1_score": 0.967391304347826,
          "support": 188
        }
      },
      "mean_f1": 0.9614581879025292,
      "f1_variance": 0.00016983318243482878,
      "f1_std": 0.013032006078682929,
      "underperforming_categories": [
        "Fuel"
      ],
      "bias_detected": true,
      "bias_level": "low"
    },
    "confusion_patterns": {
      "confusion_matrix": [
        [
          171,
          2,
          4,
          1,
          2,
          0,
          7,
          0
        ],
        [
          0,
          179,
          5,
          3,
          0,
          0,
          1,
          0
        ],
        [
          0,
          0,
          184,
          0,
          1,
          2,
          1,
          0
        ],
        [
          0,
          4,
          2,
          179,
          1,
          0,
          1,
          0
        ],
        [
          0,
          0,
          3,
          0,
          183,
          0,
          1,
          0
        ],
        [
          0,
          0,
          0,
          1,
          1,
          183,
          0,
          2
        ],
        [
          2,
          0,
          1,
          0,
          0,
          0,
          185,
          0
        ],
        [
          0,
          0,
          5,
          1,
          1,
          0,
          3,
          178
        ]
      ],
      "category_labels": [
        "Food & Dining",
        "Groceries",
        "Fuel",
        "Shopping",
        "Utilities",
        "Entertainment",
        "Transportation",
        "Health"
      ],
      "top_confused_pairs": [
        {
          "true_category": "Food & Dining",
          "predicted_category": "Transportation",
          "count": 7,
          "percentage": 3.7433155080213902
        },
        {
          "true_category": "Groceries",
          "predicted_category": "Fuel",
          "count": 5,
          "percentage": 2.6595744680851063
        },
        {
          "true_category": "Health",
          "predicted_category": "Fuel",
          "count": 5,
          "percentage": 2.6595744680851063
        },
        {
          "true_category": "Food & Dining",
          "predicted_category": "Fuel",
          "count": 4,
          "percentage": 2.13903743315508
        },
        {
          "true_category": "Shopping",
          "predicted_category": "Groceries",
          "count": 4,
          "percentage": 2.13903743315508
        },
        {
          "true_category": "Groceries",
          "predicted_category": "Shopping",
          "count": 3,
          "percentage": 1.5957446808510638
        },
        {
          "true_category": "Utilities",
          "predicted_category": "Fuel",
          "count": 3,
          "percentage": 1.6042780748663104
        },
        {
          "true_category": "Health",
          "predicted_category": "Transportation",
          "count": 3,
          "percentage": 1.5957446808510638
        },
        {
          "true_category": "Food & Dining",
          "predicted_category": "Groceries",
          "count": 2,
          "percentage": 1.06951871657754
        },
        {
          "true_category": "Food & Dining",
          "predicted_category": "Utilities",
          "count": 2,
          "percentage": 1.06951871657754
        }
      ],
      "systematic_confusions": [],
      "total_confusions": 58,
      "bias_detected": false
    },
    "text_length": {
      "length_performance": {
        "short": {
          "f1_score": 0.895722530650269,
          "sample_count": 432,
          "avg_length": 5.034722222222222
        },
        "medium": {
          "f1_score": 0.9793831761577698,
          "sample_count": 480,
          "avg_length": 9.75
        },
        "long": {
          "f1_score": 0.9967415787807431,
          "sample_count": 588,
          "avg_length": 16.722789115646258
        }
      },
      "f1_variance": 0.0019450295370600022,
      "bias_detected": false,
      "bias_level": "low"
    },
    "confidence_calibration": {
      "calibration_by_bin": {
        "<0.6": {
          "count": 1336,
          "accuracy": 0.9565868263473054,
          "avg_confidence": 0.4100926809009058,
          "calibration_gap": 0.5464941454463996
        },
        "0.6-0.7": {
          "count": 101,
          "accuracy": 1.0,
          "avg_confidence": 0.6426250285593756,
          "calibration_gap": 0.35737497144062436
        },
        "0.7-0.8": {
          "count": 49,
          "accuracy": 1.0,
          "avg_confidence": 0.7634138082272198,
          "calibration_gap": 0.23658619177278017
        },
        "0.8-0.9": {
          "count": 13,
          "accuracy": 1.0,
          "avg_confidence": 0.8414761003776536,
          "calibration_gap": 0.15852389962234636
        },
        "0.9-1.0": {
          "count": 1,
          "accuracy": 1.0,
          "avg_confidence": 0.9184696526216,
          "calibration_gap": 0.08153034737840004
        }
      },
      "mean_calibration_error": 0.2761019111321101,
      "is_well_calibrated": false
    }
  },
  "overall_bias_detected": true,
  "recommendations": [
    "Collect more training data for underperforming categories: Fuel",
    "Consider applying calibration techniques (e.g., Platt scaling, isotonic regression)"
  ]
}